meteogramma24h	rete	denominazione	idstazione	quota	provincia	altezza	frequenza	the_geom	gid	tipo_staz	meteo_tab	nometipologie	idsensori	utm_nord	utm_est
<a target=_blank href=http://meteo.arpalombardia.it/mappe/Meteogrammi.php?idStazione=3&modalita=day > 3 </a>	4	SONDALO Le Prese	3	950	SO	0.0	10	0101000020787F000000000000A4702241000000C085955341	3	PT	Meteorologica	{"PP","T"}	{9,12}	5133847	604242
<a target=_blank href=http://meteo.arpalombardia.it/mappe/Meteogrammi.php?idStazione=6&modalita=day > 6 </a>	2	BORMIO Ponte sul  Frodolfo	6	1250	SO	0.0	10	0101000020787F000000000000B07922410000008004A25341	6	PT	Meteorologica	{"PP","T"}	{11,13}	5146642	605400
<a target=_blank href=http://meteo.arpalombardia.it/mappe/Meteogrammi.php?idStazione=8&modalita=day > 8 </a>	2	SPRIANA Ponte sul Mallero	8	645	SO	0.0	10	0101000020787F000000000000824A21410000000086865341	8	P	Pluviometrica	{"PP"}	{34}	5118488	566593
<a target=_blank href=http://meteo.arpalombardia.it/mappe/Meteogrammi.php?idStazione=12&modalita=day > 12 </a>	2	VALDIDENTRO Arnoga	12	1880	SO	0.0	10	0101000020787F0000000000005A2B2241000000402CA15341	12	HPT	Meteorologica	{"PP","T","UR"}	{19,28,201}	5145777	595373
<a target=_blank href=http://meteo.arpalombardia.it/mappe/Meteogrammi.php?idStazione=13&modalita=day > 13 </a>	2	VALDIDENTRO Cancano 	13	1948	SO	0.0	10	0101000020787F0000000000006E572241000000C04CA75341	13	HPTV	Meteorologica	{"PP","T","UR","DV","VV"}	{20,29,206,208,209}	5152051	601015
<a target=_blank href=http://meteo.arpalombardia.it/mappe/Meteogrammi.php?idStazione=16&modalita=day > 16 </a>	2	VALFURVA Ghiacciaio dei Forni	16	2180	SO	0.0	10	0101000020787F00000000000004E8224100000040769D5341	16	PTV	Meteorologica	{"PP","T","DV","VV"}	{23,31,210,211}	5141977	619522
<a target=_blank href=http://meteo.arpalombardia.it/mappe/Meteogrammi.php?idStazione=23&modalita=day > 23 </a>	2	CHIESA IN VALMALENCO S.Giuseppe	23	1428	SO	0.0	10	0101000020787F000000000000063521410000000054905341	23	P	Pluviometrica	{"PP"}	{35}	5128528	563843
<a target=_blank href=http://meteo.arpalombardia.it/mappe/Meteogrammi.php?idStazione=26&modalita=day > 26 </a>	2	TORRE DI SANTA MARIA Val  Torreggio - Zona B	26	1275	SO	0.0	10	0101000020787F0000000000003034214100000040BF885341	26	B	Meteorologica	{"PA"}	{1378}	5120765	563736
<a target=_blank href=http://meteo.arpalombardia.it/mappe/Meteogrammi.php?idStazione=27&modalita=day > 27 </a>	2	CHIESA IN VALMALENCO Alpe dell  Oro	27	2040	SO	0.0	10	0101000020787F0000000000002E0D214100000000D0915341	27	PT	Meteorologica	{"PP","T"}	{40,1346}	5130048	558743
<a target=_blank href=http://meteo.arpalombardia.it/mappe/Meteogrammi.php?idStazione=28&modalita=day > 28 </a>	2	CHIESA IN VALMALENCO Alpe Entova	28	1905	SO	0.0	10	0101000020787F000000000000EA37214100000080DC915341	28	PT	Meteorologica	{"PP","T"}	{41,53}	5130098	564213
<a target=_blank href=http://meteo.arpalombardia.it/mappe/Meteogrammi.php?idStazione=29&modalita=day > 29 </a>	2	CHIESA IN VALMALENCO Funivia Bernina	29	2014	SO	0.0	10	0101000020787F000000000000324A214100000080A38E5341	29	PT	Meteorologica	{"PP","T"}	{42,54}	5126798	566553
<a target=_blank href=http://meteo.arpalombardia.it/mappe/Meteogrammi.php?idStazione=30&modalita=day > 30 </a>	2	LANZADA Campo Moro	30	1970	SO	0.0	10	0101000020787F0000000000003E702141000000803D905341	30	P	Pluviometrica	{"PP"}	{43}	5128438	571423
<a target=_blank href=http://meteo.arpalombardia.it/mappe/Meteogrammi.php?idStazione=33&modalita=day > 33 </a>	4	LANZADA Ganda	33	988	SO	0.0	10	0101000020787F000000000000B456214100000000598C5341	33	PT	Meteorologica	{"PP","T"}	{46,56}	5124452	568154
<a target=_blank href=http://meteo.arpalombardia.it/mappe/Meteogrammi.php?idStazione=35&modalita=day > 35 </a>	2	CASPOGGIO NA	35	1719	SO	0.0	10	0101000020787F000000000000284F214100000080258A5341	35	BPTV	Meteorologica	{"PP","T","PA","VV","DV"}	{48,58,130,131,132}	5122198	567188
<a target=_blank href=http://meteo.arpalombardia.it/mappe/Meteogrammi.php?idStazione=45&modalita=day > 45 </a>	2	VALFURVA Ruinon - RTU 206	45	2140	SO	0.0	10	0101000020787F000000000000DCAF2241000000C0C49F5341	45	T	Meteorologica	{"T"}	{83}	5144339	612334
<a target=_blank href=http://meteo.arpalombardia.it/mappe/Meteogrammi.php?idStazione=46&modalita=day > 46 </a>	2	VALDIDENTRO Monte Trela	46	2300	SO	0.0	10	0101000020787F000000000000C0392241000000808CA55341	46	B	Meteorologica	{"PA"}	{128}	5150258	597216
<a target=_blank href=http://meteo.arpalombardia.it/mappe/Meteogrammi.php?idStazione=49&modalita=day > 49 </a>	2	MORBEGNO ponte ferroviario	49	242	SO	0.0	10	0101000020787F000000000000B0952041000000409D7D5341	49	HPT	Meteorologica	{"T","PP","UR"}	{90,91,17359}	5109365	543448
<a target=_blank href=http://meteo.arpalombardia.it/mappe/Meteogrammi.php?idStazione=51&modalita=day > 51 </a>	2	TIRANO Madonna di Tirano	51	438	SO	0.0	10	0101000020787F0000000000001EF9214100000080D7865341	51	PT	Meteorologica	{"T","PP"}	{96,97}	5118814	588943
<a target=_blank href=http://meteo.arpalombardia.it/mappe/Meteogrammi.php?idStazione=52&modalita=day > 52 </a>	2	GROSIO NA	52	1220	SO	0.0	10	0101000020787F000000000000882F224100000040E1925341	52	PT	Meteorologica	{"T","PP"}	{99,100}	5131141	595908
<a target=_blank href=http://meteo.arpalombardia.it/mappe/Meteogrammi.php?idStazione=53&modalita=day > 53 </a>	2	PIAZZA BREMBANA Ponte dei Fondi	53	485	BG	0.0	10	0101000020787F00000000000046D62041000000C014695341	53	PT	Meteorologica	{"T","PP"}	{102,103}	5088339	551715
<a target=_blank href=http://meteo.arpalombardia.it/mappe/Meteogrammi.php?idStazione=54&modalita=day > 54 </a>	2	LENNA NA	54	485	BG	0.0	10	0101000020787F000000000000AAE62041000000C0F8685341	54	T	Meteorologica	{"T"}	{105}	5088227	553813
<a target=_blank href=http://meteo.arpalombardia.it/mappe/Meteogrammi.php?idStazione=55&modalita=day > 55 </a>	2	EDOLO Parnigò	55	655	BS	0.0	10	0101000020787F000000000000565B22410000000062825341	55	PT	Meteorologica	{"T","PP"}	{107,108}	5114248	601515
<a target=_blank href=http://meteo.arpalombardia.it/mappe/Meteogrammi.php?idStazione=56&modalita=day > 56 </a>	2	PONTE DI LEGNO Corso Trieste	56	1265	BS	0.0	10	0101000020787F0000000000007CCF224100000040328C5341	56	T	Meteorologica	{"T"}	{110}	5124297	616382
<a target=_blank href=http://meteo.arpalombardia.it/mappe/Meteogrammi.php?idStazione=57&modalita=day > 57 </a>	2	BRANZI Caserma Carabinieri	57	830	BG	0.0	10	0101000020787F000000000000760D214100000080216F5341	57	PT	Meteorologica	{"T","PP"}	{112,113}	5094534	558779
<a target=_blank href=http://meteo.arpalombardia.it/mappe/Meteogrammi.php?idStazione=58&modalita=day > 58 </a>	4	CARONA Lago Fregabolgia	58	1955	BG	0.0	10	0101000020787F0000000000001E4C214100000080A9715341	58	PT	Meteorologica	{"T","PP"}	{115,116}	5097126	566799
<a target=_blank href=http://meteo.arpalombardia.it/mappe/Meteogrammi.php?idStazione=59&modalita=day > 59 </a>	2	SAVIORE DELL`ADAMELLO Rifugio Lissone	59	2017	BS	0.0	10	0101000020787F00000000000004CA2241000000C0C5785341	59	PT	Meteorologica	{"T","PP"}	{118,119}	5104407	615682
<a target=_blank href=http://meteo.arpalombardia.it/mappe/Meteogrammi.php?idStazione=60&modalita=day > 60 </a>	2	VILLA DI CHIAVENNA NA	60	665	SO	0.0	10	0101000020787F0000000000002476204100000080CD925341	60	PT	Meteorologica	{"T","PP"}	{121,122}	5131062	539410
<a target=_blank href=http://meteo.arpalombardia.it/mappe/Meteogrammi.php?idStazione=61&modalita=day > 61 </a>	2	VALDISOTTO Arginone	61	1050	SO	0.0	10	0101000020787F000000000000A26F2241000000C03B995341	61	HPRTV	Meteorologica	{"T","UR","PP","VV","DV","RG"}	{133,134,135,137,138,141}	5137647	604113
<a target=_blank href=http://meteo.arpalombardia.it/mappe/Meteogrammi.php?idStazione=69&modalita=day > 69 </a>	2	LANZADA Ciudè - RTU 120	69	1670	SO	0.0	10	0101000020787F00000000000066612141000000403E8E5341	69	PT	Meteorologica	{"PP","T"}	{1324,1325}	5126393	569523
<a target=_blank href=http://meteo.arpalombardia.it/mappe/Meteogrammi.php?idStazione=78&modalita=day > 78 </a>	2	TIRANO Monte Masuccio	78	1750	SO	0.0	10	0101000020787F000000000000E804224100000040CB895341	78	PT	Meteorologica	{"PP","T"}	{1366,1367}	5121837	590452
<a target=_blank href=http://meteo.arpalombardia.it/mappe/Meteogrammi.php?idStazione=81&modalita=day > 81 </a>	2	VALDISOTTO Vertice	81	2350	SO	0.0	10	0101000020787F000000000000626022410000008059985341	81	T	Meteorologica	{"T"}	{25}	5136742	602161
<a target=_blank href=http://meteo.arpalombardia.it/mappe/Meteogrammi.php?idStazione=82&modalita=day > 82 </a>	2	VALDISOTTO Cam Boer	82	2114	SO	0.0	10	0101000020787F000000000000E06122410000004016995341	82	BHPT	Meteorologica	{"PP","T","PA","UR"}	{22,26,125,126}	5137497	602352
<a target=_blank href=http://meteo.arpalombardia.it/mappe/Meteogrammi.php?idStazione=88&modalita=day > 88 </a>	2	VALFURVA Scè di Sotto	88	1760	SO	0.0	10	0101000020787F00000000000064A9224100000000E19F5341	88	PT	Meteorologica	{"T","PP"}	{1397,1398}	5144452	611506
<a target=_blank href=http://meteo.arpalombardia.it/mappe/Meteogrammi.php?idStazione=89&modalita=day > 89 </a>	2	BRANZI Il Pizzo	89	1600	BG	0.0	10	0101000020787F00000000000026042141000000C0996E5341	89	PT	Meteorologica	{"T","PP"}	{1401,1403}	5093991	557587
<a target=_blank href=http://meteo.arpalombardia.it/mappe/Meteogrammi.php?idStazione=100&modalita=day > 100 </a>	4	MILANO Lambrate	100	120	MI	7.0	10	0101000020787F000000000000E0BE1F41000000C016385341	100	HPRTV	Meteorologica	{"T","UR","PP","PP","RG","DV","VV"}	{2001,2002,2006,2007,2008,14390,14391}	5038171	520120
<a target=_blank href=http://meteo.arpalombardia.it/mappe/Meteogrammi.php?idStazione=102&modalita=day > 102 </a>	4	SAN COLOMBANO AL LAMBRO NA	102	140	MI	24.0	10	0101000020787F000000000000AE6C2041000000C08F165341	102	HPRTV	Meteorologica	{"T","UR","RG","PP","PP","VV","DV"}	{2039,2040,2044,2046,2047,11641,11827}	5003839	538199
<a target=_blank href=http://meteo.arpalombardia.it/mappe/Meteogrammi.php?idStazione=106&modalita=day > 106 </a>	4	VARZI Nivione	106	500	PV	10.0	10	0101000020787F00000000000048621F41000000C048ED5241	106	HPRTV	Meteorologica	{"T","UR","RG","PP","PP","VV","DV"}	{2082,2083,2084,2089,2090,11642,11828}	4961571	514194
<a target=_blank href=http://meteo.arpalombardia.it/mappe/Meteogrammi.php?idStazione=107&modalita=day > 107 </a>	4	SONDRIO Fond.Fojanini	107	307	SO	10.0	10	0101000020787F0000000000000242214100000000F7805341	107	HPRTV	Meteorologica	{"T","UR","RG","PP","VV","DV"}	{2096,2097,2098,2103,11643,11829}	5112796	565505
<a target=_blank href=http://meteo.arpalombardia.it/mappe/Meteogrammi.php?idStazione=108&modalita=day > 108 </a>	4	SAMOLACO v.Vignola	108	206	SO	10.0	10	0101000020787F00000000000040432041000000805C885341	108	HPRTV	Meteorologica	{"T","UR","RG","PP","VV","DV"}	{2110,2111,2112,2116,11644,11830}	5120370	532896
<a target=_blank href=http://meteo.arpalombardia.it/mappe/Meteogrammi.php?idStazione=109&modalita=day > 109 </a>	4	SANT ANGELO LODIGIANO NA	109	60	LO	10.0	10	0101000020787F000000000000F62A204100000080821E5341	109	HPRTV	Meteorologica	{"T","UR","RG","PP","VV","DV"}	{2122,2123,2124,2129,11645,11831}	5011978	529787
<a target=_blank href=http://meteo.arpalombardia.it/mappe/Meteogrammi.php?idStazione=110&modalita=day > 110 </a>	4	GONZAGA NA	110	22	MN	10.0	10	0101000020787F00000000000044832341000000C0CAFF5241	110	HPRTVW	Meteorologica	{"T","UR","RG","PP","VV","DV","TPN","TPP","TP","TPV"}	{2134,2135,2136,2140,11646,11832,14427,14428,14429,14431}	4980523	639394
<a target=_blank href=http://meteo.arpalombardia.it/mappe/Meteogrammi.php?idStazione=111&modalita=day > 111 </a>	4	CASSINA VALSASSINA Moggio	111	1234	LC	10.0	10	0101000020787F000000000000AE6F20410000000058655341	111	BHPRTV	Meteorologica	{"T","UR","RG","PP","PA","VV","DV"}	{2146,2147,2148,2152,2154,11647,11833}	5084512	538583
<a target=_blank href=http://meteo.arpalombardia.it/mappe/Meteogrammi.php?idStazione=114&modalita=day > 114 </a>	4	LANDRIANO Cascina Marianna	114	88	PV	10.0	10	0101000020787F000000000000A8CB1F4100000000FA245341	114	BHPRTV	Meteorologica	{"T","UR","PA","RG","DV","PP","VV","DV"}	{2187,2188,2189,2190,2194,2195,11648,11834}	5018600	520938
<a target=_blank href=http://meteo.arpalombardia.it/mappe/Meteogrammi.php?idStazione=117&modalita=day > 117 </a>	4	EDOLO Ist.Meneghini	117	699	BS	0.0	10	0101000020787F000000000000506622410000000091825341	117	HPT	Meteorologica	{"T","UR","PP"}	{2245,2246,2251}	5114436	602920
<a target=_blank href=http://meteo.arpalombardia.it/mappe/Meteogrammi.php?idStazione=119&modalita=day > 119 </a>	4	SAN GIOVANNI BIANCO Cornalita	119	700	BG	10.0	10	0101000020787F00000000000084CA2041000000C016625341	119	HPRTV	Meteorologica	{"T","UR","RG","PP","PP","VV","DV"}	{2270,2271,2275,2278,2279,11650,11836}	5081179	550210
<a target=_blank href=http://meteo.arpalombardia.it/mappe/Meteogrammi.php?idStazione=123&modalita=day > 123 </a>	4	CAVENAGO D`ADDA NA	123	67	LO	10.0	10	0101000020787F000000000000149B204100000080861F5341	123	HPRTVW	Meteorologica	{"T","UR","RG","PP","VV","DV","TPN","TPP","TP","TPV"}	{2327,2328,2333,2336,11129,11130,14417,14418,14419,14421}	5013018	544138
<a target=_blank href=http://meteo.arpalombardia.it/mappe/Meteogrammi.php?idStazione=125&modalita=day > 125 </a>	4	CASTELLO D`AGOGNA NA	125	106	PV	10.0	10	0101000020787F00000000000058151D41000000C0FA1C5341	125	HPRTVW	Meteorologica	{"T","UR","RG","PP","VV","DV","TPN","TPP","TP","TPV"}	{2361,2362,2364,2368,11651,11837,14422,14423,14424,14426}	5010411	476502
<a target=_blank href=http://meteo.arpalombardia.it/mappe/Meteogrammi.php?idStazione=127&modalita=day > 127 </a>	4	CASATENOVO tetto	127	360	LC	20.0	10	0101000020787F00000000000088FC1F41000000C05C4E5341	127	PRV	Meteorologica	{"RG","PP","VV","DV"}	{2384,2385,11652,11838}	5060979	524066
<a target=_blank href=http://meteo.arpalombardia.it/mappe/Meteogrammi.php?idStazione=129&modalita=day > 129 </a>	4	CAPO DI PONTE v.Briscioli	129	362	BS	10.0	10	0101000020787F000000000000FE6D2241000000C064725341	129	HPRTV	Meteorologica	{"T","UR","RG","PP","PP","VV","DV"}	{2400,2401,2404,2408,2409,11653,11839}	5097875	603903
<a target=_blank href=http://meteo.arpalombardia.it/mappe/Meteogrammi.php?idStazione=130&modalita=day > 130 </a>	4	BRESCIA ITAS Pastori	130	149	BS	0.0	10	0101000020787F000000000000CC432241000000C0FF3B5341	130	HPT	Meteorologica	{"T","UR","PP","PP"}	{2414,2415,2417,11048}	5042175	598502
<a target=_blank href=http://meteo.arpalombardia.it/mappe/Meteogrammi.php?idStazione=132&modalita=day > 132 </a>	4	BERGAMO v.Stezzano	132	211	BG	10.0	10	0101000020787F00000000000032D3204100000040074A5341	132	HPRTV	Meteorologica	{"T","UR","RG","PP","VV","DV"}	{2433,2434,2435,2441,11654,11840}	5056541	551321
<a target=_blank href=http://meteo.arpalombardia.it/mappe/Meteogrammi.php?idStazione=133&modalita=day > 133 </a>	4	BEMA NA	133	800	SO	10.0	10	0101000020787F000000000000DE992041000000C04B7A5341	133	HPRTV	Meteorologica	{"T","UR","RG","PP","DV","VV"}	{2447,2448,2449,2452,14339,14340}	5105967	543983
<a target=_blank href=http://meteo.arpalombardia.it/mappe/Meteogrammi.php?idStazione=134&modalita=day > 134 </a>	4	CORZANO Bargnano	134	93	BS	10.0	10	0101000020787F0000000000002EBD2141000000C0BA315341	134	HPRTVW	Meteorologica	{"T","UR","RG","PP","VV","DV","TP","TPP","TPN"}	{2459,2460,2461,2465,11655,11841,17522,17523,17524}	5031659	581271
<a target=_blank href=http://meteo.arpalombardia.it/mappe/Meteogrammi.php?idStazione=136&modalita=day > 136 </a>	4	PERSICO DOSIMO NA	136	44	CR	10.0	10	0101000020787F0000000000005ACC21410000004072145341	136	HPRTV	Meteorologica	{"T","UR","RG","PP","VV","DV"}	{2485,2486,2488,2492,11656,11842}	5001673	583213
<a target=_blank href=http://meteo.arpalombardia.it/mappe/Meteogrammi.php?idStazione=137&modalita=day > 137 </a>	4	RIVOLTA D`ADDA Ist. Spallanzani	137	102	CR	10.0	10	0101000020787F000000000000608020410000004078325341	137	HPTV	Meteorologica	{"T","UR","PP","VV","DV"}	{2497,2498,2502,11657,11843}	5032417	540720
<a target=_blank href=http://meteo.arpalombardia.it/mappe/Meteogrammi.php?idStazione=140&modalita=day > 140 </a>	4	MOTTA VISCONTI SMR	140	100	MI	10.0	10	0101000020787F00000000000080761E4100000040C0205341	140	BHPRTV	Meteorologica	{"T","UR","PA","RG","VV","PP","DV"}	{4001,4002,4003,4004,4007,4008,14159}	5014273	499104
<a target=_blank href=http://meteo.arpalombardia.it/mappe/Meteogrammi.php?idStazione=141&modalita=day > 141 </a>	4	VERTEMATE CON MINOPRIO serre	141	310	CO	10.0	10	0101000020787F00000000000074EC1E41000000002C505341	141	BHPRTVW	Meteorologica	{"T","UR","PA","RG","VV","PP","VVS","DVS","DV","TP","TPP"}	{4009,4010,4011,4012,4015,4016,5008,5009,11845,17515,17516}	5062832	506653
<a target=_blank href=http://meteo.arpalombardia.it/mappe/Meteogrammi.php?idStazione=142&modalita=day > 142 </a>	4	CAIOLO NA	142	274	SO	10.0	10	0101000020787F0000000000005620214100000080C37F5341	142	BHPRTVW	Meteorologica	{"T","UR","PA","RG","VV","PP","VVS","DVS","DV","TPN","TPP","TP","TPV"}	{4017,4018,4019,4020,4024,4025,5010,5011,11846,14432,14433,14434,14436}	5111566	561195
<a target=_blank href=http://meteo.arpalombardia.it/mappe/Meteogrammi.php?idStazione=143&modalita=day > 143 </a>	4	LIVIGNO Passo Foscagno	143	2320	SO	10.0	10	0101000020787F0000000000002E16224100000000FFA45341	143	BHPRTV	Meteorologica	{"T","UR","PA","RG","VV","PP","VVS","DVS","T","DV"}	{4026,4027,4028,4029,4032,4033,5012,5013,11144,11847}	5149692	592663
<a target=_blank href=http://meteo.arpalombardia.it/mappe/Meteogrammi.php?idStazione=144&modalita=day > 144 </a>	4	MADESIMO Spluga	144	1915	SO	10.0	10	0101000020787F0000000000000C13204100000080E4A15341	144	BHPRTV	Meteorologica	{"T","UR","PA","RG","VV","PP","DV"}	{4034,4035,4036,4037,4040,4041,11848}	5146514	526726
<a target=_blank href=http://meteo.arpalombardia.it/mappe/Meteogrammi.php?idStazione=145&modalita=day > 145 </a>	4	DARFO BOARIO TERME NA	145	222	BS	10.0	10	0101000020787F000000000000160C224100000040B5615341	145	BHPRTV	Meteorologica	{"T","UR","PA","RG","VV","PP","DV"}	{4042,4043,4044,4045,4048,4049,11849}	5080789	591371
<a target=_blank href=http://meteo.arpalombardia.it/mappe/Meteogrammi.php?idStazione=146&modalita=day > 146 </a>	4	MEZZOLDO Passo S.Marco	146	1824	BG	6.0	10	0101000020787F00000000000048BE2041000000C0FE725341	146	BHPRTV	Meteorologica	{"T","UR","PA","RG","VV","PP","T","DV"}	{4050,4051,4052,4053,4056,4057,11214,11850}	5098491	548644
<a target=_blank href=http://meteo.arpalombardia.it/mappe/Meteogrammi.php?idStazione=147&modalita=day > 147 </a>	4	CINISELLO BALSAMO Parco Nord	147	142	MI	10.0	10	0101000020787F0000000000004C7F1F41000000400E3D5341	147	HPRTV	Meteorologica	{"T","UR","RG","VV","PP","VVS","DVS","DV"}	{4058,4059,4060,4064,4065,5014,5015,14110}	5043257	516051
<a target=_blank href=http://meteo.arpalombardia.it/mappe/Meteogrammi.php?idStazione=148&modalita=day > 148 </a>	4	ARCONATE SMR	148	182	MI	10.0	10	0101000020787F00000000000048CA1D4100000080AE3D5341	148	BHPRTV	Meteorologica	{"T","UR","PA","RG","VV","PP","VVS","DVS","DV"}	{4066,4067,4068,4069,4072,4112,5016,5017,11851}	5043898	488082
<a target=_blank href=http://meteo.arpalombardia.it/mappe/Meteogrammi.php?idStazione=150&modalita=day > 150 </a>	4	PIEVE SAN GIACOMO NA	150	39	CR	10.0	10	0101000020787F000000000000B2202241000000800C105341	150	BHPRTVW	Meteorologica	{"T","UR","PA","RG","VV","PP","VVS","DVS","DV","TPN","TPP","TP","TPV"}	{4082,4083,4084,4085,4088,4089,5020,5021,14047,14437,14438,14439,14441}	4997179	594009
<a target=_blank href=http://meteo.arpalombardia.it/mappe/Meteogrammi.php?idStazione=166&modalita=day > 166 </a>	4	MANTOVA Lunetta2 SMR	166	25	MN	10.0	10	0101000020787F0000000000003CA22341000000C0E1145341	166	BHPRTV	Meteorologica	{"T","UR","PA","RG","VV","PP","VVS","DVS","DV"}	{5121,5122,5123,5124,5127,5128,5131,5132,14328}	5002119	643358
<a target=_blank href=http://meteo.arpalombardia.it/mappe/Meteogrammi.php?idStazione=192&modalita=day > 192 </a>	2	IDRO Frana	192	427	BS	0.0	10	0101000020787F00000000000056B6224100000040BB525341	192	PT	Meteorologica	{"T","PP"}	{2548,2549}	5065453	613163
<a target=_blank href=http://meteo.arpalombardia.it/mappe/Meteogrammi.php?idStazione=205&modalita=day > 205 </a>	1	MONTEVECCHIA cascina Butto	205	385	LC	5.0	10	0101000020787F000000000000B42B204100000040B24E5341	205	HPTV	Meteorologica	{"T","PP","UR","DV","VV"}	{2595,2596,2597,2598,2599}	5061321	529882
<a target=_blank href=http://meteo.arpalombardia.it/mappe/Meteogrammi.php?idStazione=212&modalita=day > 212 </a>	4	CANZO NA	212	1233	CO	23.0	10	0101000020787F0000000000003A032041000000003A5E5341	212	HPTV	Meteorologica	{"UR","T","PP","VV","DV"}	{2612,2613,2614,11659,11852}	5077224	524701
<a target=_blank href=http://meteo.arpalombardia.it/mappe/Meteogrammi.php?idStazione=214&modalita=day > 214 </a>	4	BIGARELLO NA	214	15	MN	10.0	10	0101000020787F00000000000080C82341000000004C185341	214	HPRTV	Meteorologica	{"T","UR","RG","PP","VV","DV"}	{2620,2621,2623,2626,11660,11853}	5005616	648256
<a target=_blank href=http://meteo.arpalombardia.it/mappe/Meteogrammi.php?idStazione=501&modalita=day > 501 </a>	1	MILANO v.Marche	501	129	MI	23.0	10	0101000020787F000000000000986D1F410000004006385341	501	HTV	Meteorologica	{"T","UR","VV","DV"}	{5911,6597,19020,19021}	5038105	514918
<a target=_blank href=http://meteo.arpalombardia.it/mappe/Meteogrammi.php?idStazione=502&modalita=day > 502 </a>	1	MILANO v.Juvara	502	122	MI	34.0	10	0101000020787F00000000000000941F410000008086355341	502	BHPRTV	Meteorologica	{"PP","T","UR","RG","PA","VV","DV"}	{5908,5909,6179,6458,6502,19243,19244}	5035546	517376
<a target=_blank href=http://meteo.arpalombardia.it/mappe/Meteogrammi.php?idStazione=503&modalita=day > 503 </a>	1	MILANO P.zza Zavattari	503	122	MI	22.0	10	0101000020787F000000000000A8311F41000000C0D1355341	503	HPTV	Meteorologica	{"T","UR","PP","VV","DV"}	{5920,6185,9341,19005,19006}	5035847	511082
<a target=_blank href=http://meteo.arpalombardia.it/mappe/Meteogrammi.php?idStazione=525&modalita=day > 525 </a>	1	CORSICO NA	525	119	MI	15.0	10	0101000020787F0000000000008CFB1E41000000C07A315341	525	HPTV	Meteorologica	{"PP","T","UR","VV","DV"}	{5902,5903,6176,19059,19060}	5031403	507619
<a target=_blank href=http://meteo.arpalombardia.it/mappe/Meteogrammi.php?idStazione=535&modalita=day > 535 </a>	1	LACCHIARELLA NA	535	97	MI	12.0	10	0101000020787F0000000000003C291F410000008060255341	535	HRTV	Meteorologica	{"T","UR","RG","VV","DV"}	{5910,6180,6460,19062,19063}	5019010	510543
<a target=_blank href=http://meteo.arpalombardia.it/mappe/Meteogrammi.php?idStazione=554&modalita=day > 554 </a>	1	SARONNO v.Santuario	554	212	VA	12.0	10	0101000020787F0000000000004CB51E41000000001A465341	554	BHPRTV	Meteorologica	{"T","UR","PP","PA","RG","VV","DV"}	{10551,10552,10554,10555,10556,19056,19057}	5052520	503123
<a target=_blank href=http://meteo.arpalombardia.it/mappe/Meteogrammi.php?idStazione=558&modalita=day > 558 </a>	1	BUSTO ARSIZIO  Accam	558	206	VA	1.5	10	0101000020787F000000000000C0BA1D410000008069415341	558	P	Pluviometrica	{"PP"}	{5933}	5047718	487088
<a target=_blank href=http://meteo.arpalombardia.it/mappe/Meteogrammi.php?idStazione=559&modalita=day > 559 </a>	1	SOMMA LOMBARDO NA	559	210	VA	10.0	10	0101000020787F000000000000B4261D4100000080AB485341	559	HPRTV	Meteorologica	{"PP","T","UR","RG","VV","DV"}	{5940,5941,6194,6476,19011,19012}	5055150	477613
<a target=_blank href=http://meteo.arpalombardia.it/mappe/Meteogrammi.php?idStazione=564&modalita=day > 564 </a>	1	ERBA v. Battisti	564	279	CO	2.5	10	0101000020787F000000000000C0911F41000000C0E8595341	564	BHPT	Meteorologica	{"PP","T","UR","PA"}	{5870,5871,6163,6490}	5072803	517232
<a target=_blank href=http://meteo.arpalombardia.it/mappe/Meteogrammi.php?idStazione=573&modalita=day > 573 </a>	1	COLICO NA	573	229	LC	10.0	10	0101000020787F000000000000622A204100000000B77D5341	573	BHPTV	Meteorologica	{"PP","T","UR","PA","VV","DV"}	{5876,5877,6164,6586,19110,19111}	5109468	529713
<a target=_blank href=http://meteo.arpalombardia.it/mappe/Meteogrammi.php?idStazione=575&modalita=day > 575 </a>	1	NIBIONNO NA	575	310	LC	24.0	10	0101000020787F00000000000094C61F4100000040AF535341	575	HPTV	Meteorologica	{"PP","T","UR","VV","DV"}	{5882,5883,6167,19113,19114}	5066429	520613
<a target=_blank href=http://meteo.arpalombardia.it/mappe/Meteogrammi.php?idStazione=583&modalita=day > 583 </a>	1	BERGAMO v.Meucci	583	249	BG	10.0	10	0101000020787F000000000000C8C9204100000080544D5341	583	V	Anemometrica	{"VV","DV"}	{19098,19099}	5059922	550116
<a target=_blank href=http://meteo.arpalombardia.it/mappe/Meteogrammi.php?idStazione=586&modalita=day > 586 </a>	1	COSTA VOLPINO NA	586	192	BG	10.0	10	0101000020787F000000000000F8DB214100000040795C5341	586	HPRTV	Meteorologica	{"PP","T","UR","RG","VV","DV"}	{5861,5868,6161,6434,19101,19102}	5075429	585212
<a target=_blank href=http://meteo.arpalombardia.it/mappe/Meteogrammi.php?idStazione=594&modalita=day > 594 </a>	1	BERGAMO v.Goisis	594	290	BG	10.0	10	0101000020787F00000000000028E52041000000C00E505341	594	HPRTV	Meteorologica	{"PP","T","UR","RG","VV","DV"}	{5857,5864,6158,6431,19104,19105}	5062715	553620
<a target=_blank href=http://meteo.arpalombardia.it/mappe/Meteogrammi.php?idStazione=596&modalita=day > 596 </a>	1	OSIO SOTTO NA	596	182	BG	10.0	10	0101000020787F000000000000D6B6204100000000AA455341	596	BHPRTV	Meteorologica	{"PP","T","UR","RG","PA","VV","DV"}	{5858,5865,6159,6432,6485,19107,19108}	5052072	547691
<a target=_blank href=http://meteo.arpalombardia.it/mappe/Meteogrammi.php?idStazione=614&modalita=day > 614 </a>	1	RODANO NA	614	112	MI	12.0	10	0101000020787F0000000000001C1A2041000000C07D355341	614	HPRTV	Meteorologica	{"PP","T","UR","RG","VV","DV"}	{5916,5917,6183,6464,19014,19015}	5035511	527630
<a target=_blank href=http://meteo.arpalombardia.it/mappe/Meteogrammi.php?idStazione=620&modalita=day > 620 </a>	1	MILANO v.Brera	620	122	MI	22.0	10	0101000020787F000000000000786B1F410000004059355341	620	BHTV	Meteorologica	{"T","UR","VV","DV","PA"}	{5897,6174,19008,19009,19414}	5035365	514782
<a target=_blank href=http://meteo.arpalombardia.it/mappe/Meteogrammi.php?idStazione=629&modalita=day > 629 </a>	1	CREMA v.XI febbraio	629	79	CR	10.0	10	0101000020787F000000000000EEF0204100000040232A5341	629	BHPRTV	Meteorologica	{"T","UR","RG","PA","PP","VV","DV"}	{5969,6421,6440,6493,9329,19153,19154}	5023885	555127
<a target=_blank href=http://meteo.arpalombardia.it/mappe/Meteogrammi.php?idStazione=642&modalita=day > 642 </a>	1	PAVIA v. Folperti	642	77	PV	10.0	10	0101000020787F000000000000904E1F41000000804B175341	642	BHPRTV	Meteorologica	{"PP","PA","RG","T","UR","VV","DV"}	{6694,6695,6696,6698,6699,19176,19177}	5004590	512932
<a target=_blank href=http://meteo.arpalombardia.it/mappe/Meteogrammi.php?idStazione=646&modalita=day > 646 </a>	1	COMO Villa Gallia	646	201	CO	19.5	10	0101000020787F000000000000CCD51E41000000C0965A5341	646	BHPRTV	Meteorologica	{"PP","PA","T","UR","RG","VV","DV"}	{9308,9309,9310,9311,9315,19065,19066}	5073499	505203
<a target=_blank href=http://meteo.arpalombardia.it/mappe/Meteogrammi.php?idStazione=653&modalita=day > 653 </a>	1	BRESCIA v.Ziziola	653	125	BS	10.0	10	0101000020787F000000000000C429224100000000B13A5341	653	BHPTV	Meteorologica	{"PP","PA","T","UR","VV","DV"}	{6792,6794,6795,6796,19076,19077}	5040836	595170
<a target=_blank href=http://meteo.arpalombardia.it/mappe/Meteogrammi.php?idStazione=656&modalita=day > 656 </a>	1	GAMBARA NA	656	47	BS	10.0	10	0101000020787F000000000000B25E224100000040091E5341	656	BHPTV	Meteorologica	{"PP","PA","T","UR","VV","DV"}	{6819,6821,6823,6824,19088,19089}	5011493	601945
<a target=_blank href=http://meteo.arpalombardia.it/mappe/Meteogrammi.php?idStazione=657&modalita=day > 657 </a>	1	LONATO DEL GARDA NA	657	180	BS	3.0	10	0101000020787F000000000000A4CA22410000000084355341	657	BHT	Meteorologica	{"PA","T","UR"}	{6833,6834,6835}	5035536	615762
<a target=_blank href=http://meteo.arpalombardia.it/mappe/Meteogrammi.php?idStazione=659&modalita=day > 659 </a>	1	ODOLO NA	659	349	BS	3.0	10	0101000020787F00000000000008902241000000402B495341	659	BHPT	Meteorologica	{"PP","PA","T","UR"}	{6846,6848,6849,6850}	5055661	608260
<a target=_blank href=http://meteo.arpalombardia.it/mappe/Meteogrammi.php?idStazione=670&modalita=day > 670 </a>	1	MANTOVA S.Agnese	670	22	MN	1.5	10	0101000020787F000000000000C4902341000000001D155341	670	B	Meteorologica	{"PA"}	{9810}	5002356	641122
<a target=_blank href=http://meteo.arpalombardia.it/mappe/Meteogrammi.php?idStazione=671&modalita=day > 671 </a>	1	MANTOVA Tridolino	671	22	MN	1.5	10	0101000020787F00000000000006B823410000000070145341	671	B	Meteorologica	{"PA"}	{9817}	5001664	646147
<a target=_blank href=http://meteo.arpalombardia.it/mappe/Meteogrammi.php?idStazione=677&modalita=day > 677 </a>	1	CREMONA Via Fatebenefratelli	677	43	CR	10.0	10	0101000020787F00000000000064C32141000000C024125341	677	BHPRTV	Meteorologica	{"PA","PP","RG","T","UR","VV","DV"}	{9932,9933,9935,9938,9939,19157,19158}	4999315	582066
<a target=_blank href=http://meteo.arpalombardia.it/mappe/Meteogrammi.php?idStazione=687&modalita=day > 687 </a>	1	FERNO NA	687	215	VA	10.0	10	0101000020787F000000000000745C1D41000000405F455341	687	BHPRTV	Meteorologica	{"PA","RG","T","UR","PP","VV","DV"}	{7027,7028,7029,7030,10373,19046,19047}	5051773	481053
<a target=_blank href=http://meteo.arpalombardia.it/mappe/Meteogrammi.php?idStazione=706&modalita=day > 706 </a>	1	LECCO v.Sora	706	272	LC	15.0	10	0101000020787F000000000000CA342041000000C0F25F5341	706	HPRTV	Meteorologica	{"PP","T","UR","RG","VV","DV"}	{10376,10377,10381,10382,19116,19117}	5078987	531045
<a target=_blank href=http://meteo.arpalombardia.it/mappe/Meteogrammi.php?idStazione=816&modalita=day > 816 </a>	4	SERMIDE SP 91	816	10	MN	0.0	10	0101000020787F000000000000E2C324410000000052065341	816	PRTV	Meteorologica	{"PP","T","RG","VV","DV"}	{8222,8223,17506,17507,17509}	4987208	680433
<a target=_blank href=http://meteo.arpalombardia.it/mappe/Meteogrammi.php?idStazione=817&modalita=day > 817 </a>	4	PAVIA SS 35	817	71	PV	0.0	10	0101000020787F0000000000008C381F4100000080C4155341	817	PRTV	Meteorologica	{"PP","T","RG","VV","DV"}	{8155,8157,17501,17502,17504}	5003026	511523
<a target=_blank href=http://meteo.arpalombardia.it/mappe/Meteogrammi.php?idStazione=818&modalita=day > 818 </a>	4	GERA LARIO Fuentes	818	199	CO	0.0	1	0101000020787F000000000000F83A2041000000400C7F5341	818	P	Pluviometrica	{"PP"}	{8111}	5110833	531836
<a target=_blank href=http://meteo.arpalombardia.it/mappe/Meteogrammi.php?idStazione=819&modalita=day > 819 </a>	4	LOZIO NA	819	994	BS	0.0	10	0101000020787F000000000000683D2241000000004D6D5341	819	PT	Meteorologica	{"T","PP"}	{8133,8170}	5092660	597684
<a target=_blank href=http://meteo.arpalombardia.it/mappe/Meteogrammi.php?idStazione=820&modalita=day > 820 </a>	4	PISOGNE NA	820	842	BS	0.0	10	0101000020787F0000000000001CFE214100000000185B5341	820	PT	Meteorologica	{"T","PP"}	{8134,8169}	5074016	589582
<a target=_blank href=http://meteo.arpalombardia.it/mappe/Meteogrammi.php?idStazione=821&modalita=day > 821 </a>	4	AZZONE Dezzo di Scalve	821	599	BG	0.0	1	0101000020787F00000000000080DE214100000080856C5341	821	P	Pluviometrica	{"PP"}	{8171}	5091862	585536
<a target=_blank href=http://meteo.arpalombardia.it/mappe/Meteogrammi.php?idStazione=822&modalita=day > 822 </a>	4	VALTORTA NA	822	982	BG	0.0	10	0101000020787F0000000000006688204100000000EE6B5341	822	HPT	Meteorologica	{"PP","T","UR"}	{8097,11007,11008}	5091256	541747
<a target=_blank href=http://meteo.arpalombardia.it/mappe/Meteogrammi.php?idStazione=823&modalita=day > 823 </a>	4	PIAZZA BREMBANA vivaio	823	510	BG	0.0	10	0101000020787F000000000000A2D920410000000006695341	823	HPT	Meteorologica	{"PP","T","UR"}	{8098,14317,14320}	5088280	552145
<a target=_blank href=http://meteo.arpalombardia.it/mappe/Meteogrammi.php?idStazione=832&modalita=day > 832 </a>	4	LANZADA Palù	832	2151	SO	10.0	10	0101000020787F0000000000008056214100000000CF8E5341	832	BHPTV	Meteorologica	{"T","PP","VV","DV","UR","PA"}	{8092,8094,11661,11854,32259,32365}	5126972	568128
<a target=_blank href=http://meteo.arpalombardia.it/mappe/Meteogrammi.php?idStazione=833&modalita=day > 833 </a>	4	GEROLA ALTA Pescegallo	833	1875	SO	10.0	10	0101000020787F000000000000949B204100000000A7715341	833	BHPTV	Meteorologica	{"T","PP","VV","DV","UR","PA"}	{8013,8015,11662,11855,32262,32362}	5097116	544202
<a target=_blank href=http://meteo.arpalombardia.it/mappe/Meteogrammi.php?idStazione=835&modalita=day > 835 </a>	4	VALDISOTTO Oga S. Colombano	835	2300	SO	10.0	10	0101000020787F000000000000CA51224100000000AEA05341	835	BHPRTV	Meteorologica	{"T","PP","UR","PA","RG","VV","DV"}	{8008,8010,8011,8012,9827,11663,11856}	5145272	600293
<a target=_blank href=http://meteo.arpalombardia.it/mappe/Meteogrammi.php?idStazione=836&modalita=day > 836 </a>	4	APRICA NA	836	1950	SO	10.0	10	0101000020787F00000000000040F72141000000405A7D5341	836	HPTV	Meteorologica	{"T","PP","VV","DV","UR"}	{8016,8018,11664,11857,14039}	5109097	588704
<a target=_blank href=http://meteo.arpalombardia.it/mappe/Meteogrammi.php?idStazione=846&modalita=day > 846 </a>	4	EDOLO Pantano d`Avio	846	2108	BS	10.0	10	0101000020787F0000000000005EBA224100000000E4825341	846	BHPRTV	Meteorologica	{"T","PP","PA","RG","UR","VV","DV"}	{8019,8021,8022,9785,11190,11665,11858}	5114768	613679
<a target=_blank href=http://meteo.arpalombardia.it/mappe/Meteogrammi.php?idStazione=847&modalita=day > 847 </a>	4	CARONA Carisole	847	1954	BG	10.0	10	0101000020787F0000000000001E2221410000008022735341	847	BPRTV	Meteorologica	{"T","PP","PA","RG","VV","DV"}	{8023,8025,8026,9786,11666,11859}	5098634	561423
<a target=_blank href=http://meteo.arpalombardia.it/mappe/Meteogrammi.php?idStazione=848&modalita=day > 848 </a>	4	LIVIGNO La Vallaccia 	848	2660	SO	10.0	10	0101000020787F000000000000260B2241000000001EA35341	848	BHPRTV	Meteorologica	{"T","PP","UR","PA","RG","VV","DV"}	{8027,8029,8030,8031,9828,11667,11860}	5147768	591251
<a target=_blank href=http://meteo.arpalombardia.it/mappe/Meteogrammi.php?idStazione=851&modalita=day > 851 </a>	4	TREVISO BRESCIANO Cavacca	851	1147	BS	0.0	10	0101000020787F000000000000A6D1224100000040CB515341	851	HPT	Meteorologica	{"PP","T","UR"}	{8103,8104,11984}	5064493	616659
<a target=_blank href=http://meteo.arpalombardia.it/mappe/Meteogrammi.php?idStazione=856&modalita=day > 856 </a>	4	FORTUNAGO NA	856	501	PV	10.0	10	0101000020787F000000000000FC741F4100000000B0F85241	856	PRTV	Meteorologica	{"PP","T","DV","VV","RG"}	{8006,8007,14704,14705,17511}	4973248	515391
<a target=_blank href=http://meteo.arpalombardia.it/mappe/Meteogrammi.php?idStazione=857&modalita=day > 857 </a>	4	SANTA MARGHERITA DI STAFFORA Passo del Giovà	857	1363	PV	10.0	10	0101000020787F000000000000C0901F4100000080E1DF5241	857	PRTV	Meteorologica	{"PP","T","DV","VV","RG"}	{8004,8005,14733,14734,17477}	4947846	517168
<a target=_blank href=http://meteo.arpalombardia.it/mappe/Meteogrammi.php?idStazione=858&modalita=day > 858 </a>	4	SANTA MARGHERITA DI STAFFORA Casanova	858	575	PV	0.0	10	0101000020787F00000000000010AC1F410000008006E95241	858	PTV	Meteorologica	{"PP","T","VV","DV"}	{8201,8202,17567,17568}	4957210	518916
<a target=_blank href=http://meteo.arpalombardia.it/mappe/Meteogrammi.php?idStazione=859&modalita=day > 859 </a>	4	LUINO v. Piero Chiara	859	205	VA	0.0	10	0101000020787F0000000000003C4D1D41000000C0226F5341	859	PT	Meteorologica	{"PP","T"}	{8163,8164}	5094539	480079
<a target=_blank href=http://meteo.arpalombardia.it/mappe/Meteogrammi.php?idStazione=862&modalita=day > 862 </a>	4	LODI v. X Maggio	862	64	LO	0.0	1	0101000020787F000000000000BA792041000000C0E6245341	862	P	Pluviometrica	{"PP"}	{8193}	5018523	539869
<a target=_blank href=http://meteo.arpalombardia.it/mappe/Meteogrammi.php?idStazione=865&modalita=day > 865 </a>	4	CANTÙ Asnago	865	244	CO	0.0	10	0101000020787F0000000000008CFE1E41000000001F505341	865	PT	Meteorologica	{"PP","T"}	{8199,8200}	5062780	507811
<a target=_blank href=http://meteo.arpalombardia.it/mappe/Meteogrammi.php?idStazione=867&modalita=day > 867 </a>	4	CASLINO D`ERBA v. 4 novembre	867	427	CO	0.0	10	0101000020787F000000000000789E1F4100000000D25C5341	867	PT	Meteorologica	{"PP","T"}	{8122,8123}	5075784	518046
<a target=_blank href=http://meteo.arpalombardia.it/mappe/Meteogrammi.php?idStazione=868&modalita=day > 868 </a>	4	LESMO Peregallo	868	180	MB	0.0	1	0101000020787F000000000000C0F01F41000000C01D475341	868	P	Pluviometrica	{"PP"}	{14712}	5053559	523312
<a target=_blank href=http://meteo.arpalombardia.it/mappe/Meteogrammi.php?idStazione=869&modalita=day > 869 </a>	4	MILANO v.Feltre	869	127	MI	0.0	10	0101000020787F00000000000030B41F410000004087375341	869	T	Meteorologica	{"T"}	{8162}	5037597	519436
<a target=_blank href=http://meteo.arpalombardia.it/mappe/Meteogrammi.php?idStazione=870&modalita=day > 870 </a>	4	COMO Villa Geno	870	200	CO	0.0	10	0101000020787F0000000000007CE51E41000000C0275B5341	870	PT	Meteorologica	{"PP","T"}	{8165,8166}	5074079	506207
<a target=_blank href=http://meteo.arpalombardia.it/mappe/Meteogrammi.php?idStazione=873&modalita=day > 873 </a>	4	PONTI SUL MINCIO Monzambano	873	62	MN	0.0	10	0101000020787F000000000000B055234100000040242E5341	873	PT	Meteorologica	{"PP","T"}	{8224,8225}	5027985	633560
<a target=_blank href=http://meteo.arpalombardia.it/mappe/Meteogrammi.php?idStazione=874&modalita=day > 874 </a>	4	SARNICO v. Roma	874	197	BG	0.0	10	0101000020787F0000000000009488214100000040D84A5341	874	PRTV	Meteorologica	{"PP","T","RG","VV","DV"}	{8135,8136,17527,32236,32237}	5057377	574538
<a target=_blank href=http://meteo.arpalombardia.it/mappe/Meteogrammi.php?idStazione=876&modalita=day > 876 </a>	4	CAINO NA	876	428	BS	0.0	10	0101000020787F000000000000B86722410000000024455341	876	PT	Meteorologica	{"PP","T"}	{8139,8140}	5051536	603100
<a target=_blank href=http://meteo.arpalombardia.it/mappe/Meteogrammi.php?idStazione=877&modalita=day > 877 </a>	4	BOVEGNO ponte Zigole	877	572	BS	0.0	1	0101000020787F0000000000006641224100000080B1575341	877	P	Pluviometrica	{"PP"}	{8172}	5070534	598195
<a target=_blank href=http://meteo.arpalombardia.it/mappe/Meteogrammi.php?idStazione=884&modalita=day > 884 </a>	4	CUVEGLIO NA	884	294	VA	0.0	10	0101000020787F000000000000BC4C1D410000008032645341	884	PT	Meteorologica	{"PP","T"}	{8150,8151}	5083338	480047
<a target=_blank href=http://meteo.arpalombardia.it/mappe/Meteogrammi.php?idStazione=885&modalita=day > 885 </a>	4	ARCISATE NA	885	383	VA	0.0	10	0101000020787F000000000000B4FF1D41000000C0F65D5341	885	PT	Meteorologica	{"PP","T"}	{8152,8168}	5076955	491501
<a target=_blank href=http://meteo.arpalombardia.it/mappe/Meteogrammi.php?idStazione=886&modalita=day > 886 </a>	4	VIGEVANO SS494	886	94	PV	0.0	10	0101000020787F00000000000034F11D410000008035275341	886	PT	Meteorologica	{"PP","T"}	{8195,8196}	5020886	490573
<a target=_blank href=http://meteo.arpalombardia.it/mappe/Meteogrammi.php?idStazione=889&modalita=day > 889 </a>	4	TORRE BOLDONE NA	889	311	BG	0.0	10	0101000020787F0000000000000AF220410000008067505341	889	PT	Meteorologica	{"T","PP"}	{8145,8161}	5063070	555269
<a target=_blank href=http://meteo.arpalombardia.it/mappe/Meteogrammi.php?idStazione=895&modalita=day > 895 </a>	4	SONCINO v. Brescia	895	87	CR	0.0	10	0101000020787F0000000000009C62214100000000D82D5341	895	PT	Meteorologica	{"PP","T"}	{8179,8180}	5027680	569678
<a target=_blank href=http://meteo.arpalombardia.it/mappe/Meteogrammi.php?idStazione=897&modalita=day > 897 </a>	4	BUSTO ARSIZIO v.Rossini	897	242	VA	0.0	10	0101000020787F000000000000FCAD1D410000004022465341	897	PT	Meteorologica	{"PP","T"}	{8219,8220}	5052553	486271
<a target=_blank href=http://meteo.arpalombardia.it/mappe/Meteogrammi.php?idStazione=898&modalita=day > 898 </a>	4	CODOGNO Ist.Tosi	898	68	LO	0.0	1	0101000020787F000000000000D8FC204100000040FA135341	898	P	Pluviometrica	{"PP"}	{8221}	5001193	556652
<a target=_blank href=http://meteo.arpalombardia.it/mappe/Meteogrammi.php?idStazione=900&modalita=day > 900 </a>	4	CHIARI NA	900	140	BS	6.0	10	0101000020787F000000000000687E2141000000003C3B5341	900	PV	Meteorologica	{"PP","VV","DV"}	{8230,11668,11861}	5041392	573236
<a target=_blank href=http://meteo.arpalombardia.it/mappe/Meteogrammi.php?idStazione=901&modalita=day > 901 </a>	4	CREMA v.Camporelle	901	103	CR	0.0	10	0101000020787F0000000000001CDD2041000000000F295341	901	PT	Meteorologica	{"PP","T"}	{8188,8189}	5022780	552590
<a target=_blank href=http://meteo.arpalombardia.it/mappe/Meteogrammi.php?idStazione=903&modalita=day > 903 </a>	4	MISINTO NA	903	247	MB	0.0	10	0101000020787F00000000000050D51E4100000000EB495341	903	PT	Meteorologica	{"PP","T"}	{8211,8212}	5056428	505172
<a target=_blank href=http://meteo.arpalombardia.it/mappe/Meteogrammi.php?idStazione=904&modalita=day > 904 </a>	4	PAISCO LOVENO NA	904	816	BS	0.0	10	0101000020787F000000000000B4512241000000C0FB775341	904	PT	Meteorologica	{"PP","T"}	{8226,8227}	5103599	600282
<a target=_blank href=http://meteo.arpalombardia.it/mappe/Meteogrammi.php?idStazione=905&modalita=day > 905 </a>	4	CEVO NA	905	1128	BS	0.0	10	0101000020787F00000000000082822241000000004C785341	905	PT	Meteorologica	{"PP","T"}	{8173,8187}	5103920	606529
<a target=_blank href=http://meteo.arpalombardia.it/mappe/Meteogrammi.php?idStazione=907&modalita=day > 907 </a>	4	VARESE v.Appiani	907	416	VA	0.0	10	0101000020787F00000000000070AE1D41000000007F5C5341	907	PT	Meteorologica	{"PP","T"}	{8228,8229}	5075452	486300
<a target=_blank href=http://meteo.arpalombardia.it/mappe/Meteogrammi.php?idStazione=908&modalita=day > 908 </a>	4	VOGHERA v. Cambiaso	908	95	PV	0.0	10	0101000020787F0000000000000C9A1E41000000C01B015341	908	PT	Meteorologica	{"PP","T"}	{8190,8191}	4981871	501379
<a target=_blank href=http://meteo.arpalombardia.it/mappe/Meteogrammi.php?idStazione=910&modalita=day > 910 </a>	4	MANERBIO v.Dante	910	60	BS	0.0	10	0101000020787F00000000000030FF214100000040D0295341	910	PT	Meteorologica	{"PP","T"}	{8208,8209}	5023553	589720
<a target=_blank href=http://meteo.arpalombardia.it/mappe/Meteogrammi.php?idStazione=911&modalita=day > 911 </a>	4	LAMBRUGO NA	911	273	CO	0.0	10	0101000020787F00000000000084AD1F41000000C0DA545341	911	PT	Meteorologica	{"PP","T"}	{8197,8198}	5067627	519009
<a target=_blank href=http://meteo.arpalombardia.it/mappe/Meteogrammi.php?idStazione=912&modalita=day > 912 </a>	4	FOPPOLO NA	912	1682	BG	0.0	10	0101000020787F0000000000004C0B21410000008089735341	912	HPT	Meteorologica	{"PP","T","UR"}	{8095,8096,11011}	5099046	558502
<a target=_blank href=http://meteo.arpalombardia.it/mappe/Meteogrammi.php?idStazione=998&modalita=day > 998 </a>	4	LAVENO - MOMBELLO p.zza Matteotti	998	207	VA	6.0	10	0101000020787F00000000000064B61C4100000040F3645341	998	PTV	Meteorologica	{"PP","T","VV","DV"}	{8587,8588,11669,11862}	5084109	470425
<a target=_blank href=http://meteo.arpalombardia.it/mappe/Meteogrammi.php?idStazione=999&modalita=day > 999 </a>	4	LAVENO - MOMBELLO Poggio S.Elsa	999	950	VA	10.0	10	0101000020787F0000000000000CCE1C41000000800F655341	999	BHPTV	Meteorologica	{"PP","T","UR","PA","VV","DV"}	{8583,8584,8585,8586,11670,11863}	5084222	471939
<a target=_blank href=http://meteo.arpalombardia.it/mappe/Meteogrammi.php?idStazione=1075&modalita=day > 1075 </a>	4	EDOLO Centrale ENEL	1075	659	BS	6.0	10	0101000020787F000000000000AE6A224100000080DA815341	1075	RV	Meteorologica	{"RG","VV","DV"}	{11228,11649,11835}	5113706	603479
<a target=_blank href=http://meteo.arpalombardia.it/mappe/Meteogrammi.php?idStazione=1077&modalita=day > 1077 </a>	4	OLTRE IL COLLE Zambla	1077	1138	BG	5.0	10	0101000020787F000000000000722021410000004025635341	1077	BHPRTV	Meteorologica	{"UR","DV","VV","T","PA","PP","RG"}	{14001,14004,14005,14014,14017,14018,14019}	5082261	561209
<a target=_blank href=http://meteo.arpalombardia.it/mappe/Meteogrammi.php?idStazione=1201&modalita=day > 1201 </a>	4	CANEVINO NA	1201	455	PV	0.0	10	0101000020787F0000000000005CD81F41000000C01FFB5241	1201	BHPT	Meteorologica	{"T","PA","PP","UR"}	{9019,9062,9108,9396}	4975743	521751
<a target=_blank href=http://meteo.arpalombardia.it/mappe/Meteogrammi.php?idStazione=1202&modalita=day > 1202 </a>	4	VERCANA NA	1202	980	CO	10.0	10	0101000020787F000000000000040620410000000070825341	1202	BHPRTV	Meteorologica	{"T","PA","VV","PP","UR","T","DV","RG"}	{9028,9069,9074,9117,9388,11216,11864,14161}	5114304	525058
<a target=_blank href=http://meteo.arpalombardia.it/mappe/Meteogrammi.php?idStazione=1205&modalita=day > 1205 </a>	4	MOLTENO Cimitero	1205	278	LC	0.0	10	0101000020787F00000000000080F91F410000004028575341	1205	BHPT	Meteorologica	{"T","PA","PP","UR"}	{9017,9060,9106,11020}	5069985	523872
<a target=_blank href=http://meteo.arpalombardia.it/mappe/Meteogrammi.php?idStazione=1206&modalita=day > 1206 </a>	4	CAVARIA CON PREMEZZO v. Cantalupa	1206	274	VA	0.0	10	0101000020787F000000000000889A1D41000000C0FB4C5341	1206	BHPT	Meteorologica	{"T","PA","PP","UR"}	{9027,9068,9116,14627}	5059567	485026
<a target=_blank href=http://meteo.arpalombardia.it/mappe/Meteogrammi.php?idStazione=1209&modalita=day > 1209 </a>	4	ROTA D`IMAGNA NA	1209	674	BG	0.0	10	0101000020787F0000000000007A78204100000000675D5341	1209	BHPT	Meteorologica	{"T","PA","PP","UR"}	{9034,9072,9123,9395}	5076380	539709
<a target=_blank href=http://meteo.arpalombardia.it/mappe/Meteogrammi.php?idStazione=1210&modalita=day > 1210 </a>	4	RANZANICO NA	1210	486	BG	0.0	10	0101000020787F000000000000DA78214100000040E5575341	1210	BHPT	Meteorologica	{"T","PA","PP","UR"}	{9001,9045,9090,9384}	5070741	572525
<a target=_blank href=http://meteo.arpalombardia.it/mappe/Meteogrammi.php?idStazione=1211&modalita=day > 1211 </a>	4	CASTRONNO NA	1211	379	VA	10.0	10	0101000020787F000000000000A8AA1D410000008068535341	1211	BPTV	Meteorologica	{"T","PA","VV","PP","DV"}	{9002,9046,9073,9091,14030}	5066146	486058
<a target=_blank href=http://meteo.arpalombardia.it/mappe/Meteogrammi.php?idStazione=1212&modalita=day > 1212 </a>	4	CASTIONE DELLA PRESOLANA NA	1212	1180	BG	0.0	10	0101000020787F00000000000052C62141000000006E675341	1212	HPT	Meteorologica	{"T","PP","UR"}	{9003,9092,9387}	5086648	582441
<a target=_blank href=http://meteo.arpalombardia.it/mappe/Meteogrammi.php?idStazione=1216&modalita=day > 1216 </a>	4	VALBONDIONE NA	1216	1784	BG	0.0	10	0101000020787F000000000000CEB52141000000402C765341	1216	BHPT	Meteorologica	{"T","PA","PP","UR"}	{9008,9052,9097,9390}	5101745	580327
<a target=_blank href=http://meteo.arpalombardia.it/mappe/Meteogrammi.php?idStazione=1218&modalita=day > 1218 </a>	4	ARDESIO Valcanale	1218	1002	BG	0.0	10	0101000020787F0000000000000A4D214100000040A5695341	1218	HPT	Meteorologica	{"T","PP","UR"}	{9030,9119,9391}	5088917	566917
<a target=_blank href=http://meteo.arpalombardia.it/mappe/Meteogrammi.php?idStazione=1219&modalita=day > 1219 </a>	4	CASALBUTTANO ED UNITI NA	1219	56	CR	0.0	10	0101000020787F000000000000DE902141000000005F1E5341	1219	HPT	Meteorologica	{"T","PP","UR"}	{9031,9120,14165}	5011836	575599
<a target=_blank href=http://meteo.arpalombardia.it/mappe/Meteogrammi.php?idStazione=1220&modalita=day > 1220 </a>	4	PONTE DI LEGNO Case Pirli	1220	1640	BS	0.0	10	0101000020787F000000000000BCCC2241000000C0F28F5341	1220	BHPT	Meteorologica	{"T","PA","PP","UR"}	{9013,9057,9102,9398}	5128139	616030
<a target=_blank href=http://meteo.arpalombardia.it/mappe/Meteogrammi.php?idStazione=1221&modalita=day > 1221 </a>	4	CASNIGO Campo Sportivo	1221	501	BG	0.0	10	0101000020787F000000000000DE55214100000040025D5341	1221	HPT	Meteorologica	{"T","PP","UR"}	{9024,9113,9386}	5075977	568047
<a target=_blank href=http://meteo.arpalombardia.it/mappe/Meteogrammi.php?idStazione=1222&modalita=day > 1222 </a>	4	CAVARGNA NA	1222	1100	CO	10.0	10	0101000020787F000000000000600A1F410000004098785341	1222	BHPTV	Meteorologica	{"T","PA","PP","UR","VV","DV"}	{9020,9063,9109,9399,11225,11226}	5104225	508568
<a target=_blank href=http://meteo.arpalombardia.it/mappe/Meteogrammi.php?idStazione=1224&modalita=day > 1224 </a>	4	CORTENOVA NA	1224	456	LC	0.0	10	0101000020787F00000000000056282041000000C0886F5341	1224	HPT	Meteorologica	{"T","PP","UR"}	{9016,9105,11021}	5094947	529451
<a target=_blank href=http://meteo.arpalombardia.it/mappe/Meteogrammi.php?idStazione=1228&modalita=day > 1228 </a>	4	GOITO NA	1228	30	MN	0.0	10	0101000020787F000000000000E43D23410000004013205341	1228	BPT	Meteorologica	{"T","PA","PP"}	{9025,9066,9114}	5013581	630514
<a target=_blank href=http://meteo.arpalombardia.it/mappe/Meteogrammi.php?idStazione=1229&modalita=day > 1229 </a>	4	GANDELLINO Grabiasca	1229	738	BG	0.0	10	0101000020787F000000000000947F214100000000EA6F5341	1229	BPT	Meteorologica	{"T","PA","PP"}	{9015,9059,9104}	5095336	573386
<a target=_blank href=http://meteo.arpalombardia.it/mappe/Meteogrammi.php?idStazione=1230&modalita=day > 1230 </a>	4	SAN GIACOMO FILIPPO Lago Truzzo	1230	2064	SO	6.0	10	0101000020787F0000000000009002204100000040D3955341	1230	BHPTV	Meteorologica	{"T","PA","PP","UR","DV","VV"}	{9011,9055,9100,11158,11159,11160}	5134157	524616
<a target=_blank href=http://meteo.arpalombardia.it/mappe/Meteogrammi.php?idStazione=1233&modalita=day > 1233 </a>	4	LURAGO MARINONE NA	1233	296	CO	15.0	10	0101000020787F000000000000E8621E41000000C03A4F5341	1233	BPTV	Meteorologica	{"T","PA","PP","DV","VV"}	{9026,9067,9115,14634,14635}	5061867	497850
<a target=_blank href=http://meteo.arpalombardia.it/mappe/Meteogrammi.php?idStazione=1234&modalita=day > 1234 </a>	4	OSNAGO NA	1234	234	LC	0.0	10	0101000020787F000000000000AA2E204100000000C24B5341	1234	BPT	Meteorologica	{"T","PA","PP"}	{9021,9064,9110}	5058312	530261
<a target=_blank href=http://meteo.arpalombardia.it/mappe/Meteogrammi.php?idStazione=1235&modalita=day > 1235 </a>	4	CENE Ponte	1235	361	BG	0.0	10	0101000020787F000000000000283521410000000090575341	1235	BPT	Meteorologica	{"T","PA","PP"}	{9010,9054,9099}	5070400	563860
<a target=_blank href=http://meteo.arpalombardia.it/mappe/Meteogrammi.php?idStazione=1237&modalita=day > 1237 </a>	4	MONNO NA	1237	1728	BS	0.0	10	0101000020787F0000000000006A56224100000080A08A5341	1237	BHPT	Meteorologica	{"T","PA","PP","UR"}	{9014,9058,9103,9397}	5122690	600885
<a target=_blank href=http://meteo.arpalombardia.it/mappe/Meteogrammi.php?idStazione=1238&modalita=day > 1238 </a>	4	VAL MASINO S.Martino	1238	943	SO	0.0	10	0101000020787F00000000000002BF2041000000000B895341	1238	BHPT	Meteorologica	{"T","PA","PP","UR"}	{9012,9056,9101,9381}	5121068	548737
<a target=_blank href=http://meteo.arpalombardia.it/mappe/Meteogrammi.php?idStazione=1273&modalita=day > 1273 </a>	4	VAL MASINO Bagni	1273	1191	SO	10.0	10	0101000020787F00000000000078A92041000000803D895341	1273	BHPRTV	Meteorologica	{"T","UR","PP","RG","PA","VV","DV"}	{10570,10571,10574,10575,10577,11671,11865}	5121270	545980
<a target=_blank href=http://meteo.arpalombardia.it/mappe/Meteogrammi.php?idStazione=1274&modalita=day > 1274 </a>	1	PERLEDO NA	1274	212	LC	3.5	10	0101000020787F000000000000ECDE1F410000008069705341	1274	P	Pluviometrica	{"PP"}	{10585}	5095846	522171
<a target=_blank href=http://meteo.arpalombardia.it/mappe/Meteogrammi.php?idStazione=1324&modalita=day > 1324 </a>	4	LIMONE SUL GARDA NA	1324	75	BS	16.0	10	0101000020787F000000000000E2802341000000C0375B5341	1324	HPTV	Meteorologica	{"UR","T","VV","DV","PP"}	{14055,14058,14061,14062,14119}	5074143	639089
<a target=_blank href=http://meteo.arpalombardia.it/mappe/Meteogrammi.php?idStazione=1325&modalita=day > 1325 </a>	4	COLLIO Memmo	1325	1069	BS	10.0	10	0101000020787F000000000000C260224100000080025B5341	1325	HPRTV	Meteorologica	{"UR","T","VV","DV","PP","RG"}	{14072,14075,14078,14079,14118,14148}	5073930	602209
<a target=_blank href=http://meteo.arpalombardia.it/mappe/Meteogrammi.php?idStazione=1326&modalita=day > 1326 </a>	4	TOSCOLANO-MADERNO NA	1326	70	BS	21.0	10	0101000020787F000000000000BE1A2341000000C072485341	1326	HPTV	Meteorologica	{"UR","T","VV","DV","PP"}	{14089,14092,14095,14096,14120}	5054923	626015
<a target=_blank href=http://meteo.arpalombardia.it/mappe/Meteogrammi.php?idStazione=1327&modalita=day > 1327 </a>	4	MILANO v.Rosellini	1327	122	MI	0.0	1	0101000020787F000000000000BC701F410000004002375341	1327	P	Pluviometrica	{"PP"}	{14121}	5037065	515119
<a target=_blank href=http://meteo.arpalombardia.it/mappe/Meteogrammi.php?idStazione=1328&modalita=day > 1328 </a>	4	TEGLIO S. Giacomo	1328	357	SO	0.0	10	0101000020787F000000000000ACB421410000004057805341	1328	PT	Meteorologica	{"T","PP"}	{14125,14128}	5112157	580182
<a target=_blank href=http://meteo.arpalombardia.it/mappe/Meteogrammi.php?idStazione=1329&modalita=day > 1329 </a>	4	LAVENA PONTE TRESA via della Boschiva	1329	269	VA	0.0	10	0101000020787F00000000000038CF1D4100000040986B5341	1329	BHPT	Meteorologica	{"T","PP","UR","PA"}	{14130,14131,14132,14133}	5090913	488398
<a target=_blank href=http://meteo.arpalombardia.it/mappe/Meteogrammi.php?idStazione=1330&modalita=day > 1330 </a>	4	OLGIATE COMASCO v.Repubblica	1330	400	CO	0.0	10	0101000020787F00000000000040631E410000008008565341	1330	BHPT	Meteorologica	{"T","PA","PP","UR"}	{14139,14140,14141,14145}	5068834	497872
<a target=_blank href=http://meteo.arpalombardia.it/mappe/Meteogrammi.php?idStazione=1338&modalita=day > 1338 </a>	2	SUEGLIO NA	1338	1110	LC	0.0	10	0101000020787F000000000000940D2041000000C049795341	1338	PT	Meteorologica	{"T","PP"}	{16430,16431}	5104935	526026
<a target=_blank href=http://meteo.arpalombardia.it/mappe/Meteogrammi.php?idStazione=1341&modalita=day > 1341 </a>	4	BOSISIO PARINI Imbarcadero	1341	266	LC	0.0	1	0101000020787F000000000000DCE01F410000008060595341	1341	P	Pluviometrica	{"PP"}	{14171}	5072258	522295
<a target=_blank href=http://meteo.arpalombardia.it/mappe/Meteogrammi.php?idStazione=1342&modalita=day > 1342 </a>	4	PONTE IN VALTELLINA Lago Reguzzo	1342	2440	SO	10.0	10	0101000020787F000000000000048C21410000000093795341	1342	BHPRTV	Meteorologica	{"PA","RG","DV","VV","UR","T","PP"}	{14172,14180,14182,14186,14191,14194,14197}	5105228	574978
<a target=_blank href=http://meteo.arpalombardia.it/mappe/Meteogrammi.php?idStazione=1343&modalita=day > 1343 </a>	4	LANZADA Passo Marinelli	1343	3032	SO	10.0	10	0101000020787F0000000000005C6821410000004002955341	1343	BHPRTV	Meteorologica	{"PA","RG","DV","VV","UR","T","PP"}	{14199,14207,14209,14213,14218,14221,14224}	5133321	570414
<a target=_blank href=http://meteo.arpalombardia.it/mappe/Meteogrammi.php?idStazione=1345&modalita=day > 1345 </a>	4	PIAZZATORRE NA	1345	966	BG	15.0	10	0101000020787F000000000000B2E52041000000802A6E5341	1345	BHPTV	Meteorologica	{"DV","VV","UR","PP","T","PA"}	{14229,14234,14238,14241,14242,14315}	5093546	553689
<a target=_blank href=http://meteo.arpalombardia.it/mappe/Meteogrammi.php?idStazione=1346&modalita=day > 1346 </a>	4	CAMPODOLCINO Alpe Motta	1346	1880	SO	10.0	10	0101000020787F000000000000AA1F2041000000C0A19C5341	1346	BHPRTV	Meteorologica	{"DV","PP","PA","RG","T","UR","VV"}	{14248,14253,14254,14255,14257,14265,14269}	5141127	528341
<a target=_blank href=http://meteo.arpalombardia.it/mappe/Meteogrammi.php?idStazione=1347&modalita=day > 1347 </a>	4	BARZIO Piani di Bobbio	1347	1713	LC	10.0	10	0101000020787F000000000000A071204100000040616A5341	1347	BHPRTV	Meteorologica	{"DV","PP","PA","RG","T","UR","VV"}	{14275,14280,14281,14282,14284,14292,14296}	5089669	538832
<a target=_blank href=http://meteo.arpalombardia.it/mappe/Meteogrammi.php?idStazione=1359&modalita=day > 1359 </a>	4	BRENO Lago Della Vacca	1359	2410	BS	10.0	10	0101000020787F000000000000ACAB224100000040086B5341	1359	BHPTV	Meteorologica	{"T","UR","DV","VV","PP","PA"}	{14348,14351,14355,14360,14365,32342}	5090337	611798
<a target=_blank href=http://meteo.arpalombardia.it/mappe/Meteogrammi.php?idStazione=1360&modalita=day > 1360 </a>	4	CLUSONE SP 671	1360	564	BG	10.0	10	0101000020787F000000000000F2772141000000C026625341	1360	HPRTV	Meteorologica	{"T","UR","DV","VV","PP","RG"}	{14367,14370,14374,14379,14384,14385}	5081243	572409
<a target=_blank href=http://meteo.arpalombardia.it/mappe/Meteogrammi.php?idStazione=1365&modalita=day > 1365 </a>	4	BIONE NA	1365	911	BS	10.0	10	0101000020787F000000000000066A2241000000C0624B5341	1365	HPRTV	Meteorologica	{"T","UR","RG","PP","DV","VV"}	{14399,14402,14405,14406,14408,14413}	5057931	603395
<a target=_blank href=http://meteo.arpalombardia.it/mappe/Meteogrammi.php?idStazione=1366&modalita=day > 1366 </a>	4	PORLEZZA torrente	1366	291	CO	10.0	10	0101000020787F000000000000BC2E1F4100000080C3725341	1366	BHPRTV	Meteorologica	{"PP","PA","T","UR","RG","DV","VV"}	{14443,14444,14445,14446,14451,14452,14453}	5098254	510895
<a target=_blank href=http://meteo.arpalombardia.it/mappe/Meteogrammi.php?idStazione=1367&modalita=day > 1367 </a>	4	BAGOLINO SP669	1367	775	BS	10.0	10	0101000020787F0000000000004AB3224100000000255E5341	1367	HPRTV	Meteorologica	{"DV","VV","UR","PP","RG","T"}	{14465,14466,14473,14476,14477,14478}	5077140	612773
<a target=_blank href=http://meteo.arpalombardia.it/mappe/Meteogrammi.php?idStazione=1371&modalita=day > 1371 </a>	4	BREMBILLA NA	1371	468	BG	10.0	10	0101000020787F0000000000000AB4204100000080BB5A5341	1371	HPTV	Meteorologica	{"PP","T","UR","DV","VV"}	{14499,14500,14501,14502,14503}	5073646	547333
<a target=_blank href=http://meteo.arpalombardia.it/mappe/Meteogrammi.php?idStazione=1372&modalita=day > 1372 </a>	4	GARZENO NA	1372	581	CO	0.0	10	0101000020787F000000000000A4AF1F4100000040067D5341	1372	HPT	Meteorologica	{"PP","T","UR"}	{14517,14518,14519}	5108761	519145
<a target=_blank href=http://meteo.arpalombardia.it/mappe/Meteogrammi.php?idStazione=1375&modalita=day > 1375 </a>	4	VARANO BORGHI NA	1375	241	VA	10.0	10	0101000020787F000000000000FC261D410000004059555341	1375	HPRTV	Meteorologica	{"PP","T","UR","DV","VV","RG"}	{14527,14528,14529,14530,14531,17518}	5068133	477631
<a target=_blank href=http://meteo.arpalombardia.it/mappe/Meteogrammi.php?idStazione=1376&modalita=day > 1376 </a>	4	PUEGNAGO SUL GARDA NA	1376	291	BS	10.0	10	0101000020787F000000000000B6D422410000000023425341	1376	BHPTV	Meteorologica	{"PP","T","UR","DV","VV","PA"}	{14545,14546,14547,14548,14549,14562}	5048460	617051
<a target=_blank href=http://meteo.arpalombardia.it/mappe/Meteogrammi.php?idStazione=1378&modalita=day > 1378 </a>	4	TIGNALE Oldesio	1378	374	BS	10.0	10	0101000020787F0000000000004E582341000000400D535341	1378	HPRTV	Meteorologica	{"PP","T","UR","DV","VV","RG"}	{14567,14568,14569,14570,14571,14584}	5065781	633895
<a target=_blank href=http://meteo.arpalombardia.it/mappe/Meteogrammi.php?idStazione=1379&modalita=day > 1379 </a>	4	GARGNANO NA	1379	984	BS	0.0	10	0101000020787F0000000000006E1923410000004099525341	1379	HPRTV	Meteorologica	{"PP","T","UR","DV","VV","RG"}	{14586,14587,14588,14589,14590,14603}	5065317	625847
<a target=_blank href=http://meteo.arpalombardia.it/mappe/Meteogrammi.php?idStazione=1380&modalita=day > 1380 </a>	4	TREMEZZO NA	1380	309	CO	0.0	10	0101000020787F00000000000090871F4100000040586D5341	1380	BHPT	Meteorologica	{"PP","T","UR","PA"}	{14605,14606,14607,14622}	5092705	516580
<a target=_blank href=http://meteo.arpalombardia.it/mappe/Meteogrammi.php?idStazione=1382&modalita=day > 1382 </a>	4	VEDDASCA Monte Cadrigna	1382	1302	VA	10.0	10	0101000020787F000000000000286D1D410000008079765341	1382	HPRTV	Meteorologica	{"T","UR","DV","VV","PP","RG"}	{14645,14648,14653,14654,14661,17474}	5102054	482122
<a target=_blank href=http://meteo.arpalombardia.it/mappe/Meteogrammi.php?idStazione=1383&modalita=day > 1383 </a>	4	SAREZZO v.della Fonte	1383	290	BS	15.0	10	0101000020787F000000000000A814224100000000484B5341	1383	BHPTV	Meteorologica	{"PP","T","PA","UR","DV","VV"}	{14664,14665,14666,14667,14670,14671}	5057824	592468
<a target=_blank href=http://meteo.arpalombardia.it/mappe/Meteogrammi.php?idStazione=1420&modalita=day > 1420 </a>	4	GORDONA NA	1420	1362	SO	6.0	10	0101000020787F0000000000005E0E204100000080578E5341	1420	HPRTV	Meteorologica	{"T","UR","DV","VV","PP","RG"}	{14684,14687,14692,14693,14700,17476}	5126494	526127
<a target=_blank href=http://meteo.arpalombardia.it/mappe/Meteogrammi.php?idStazione=1422&modalita=day > 1422 </a>	1	BERGAMO v.Maffei	1422	249	BG	14.0	10	0101000020787F0000000000009CDC204100000000CD4D5341	1422	BHPRTV	Meteorologica	{"T","UR","RG","PP","DV","VV","PA"}	{19022,19023,19024,19026,19027,19028,19030}	5060404	552526
<a target=_blank href=http://meteo.arpalombardia.it/mappe/Meteogrammi.php?idStazione=1509&modalita=day > 1509 </a>	4	PADERNO DUGNANO Palazzolo Parco Borghetto	1509	170	MI	0.0	5	0101000020787F000000000000C4441F410000004070415341	1509	P	Pluviometrica	{"PP"}	{30525}	5047745	512305
<a target=_blank href=http://meteo.arpalombardia.it/mappe/Meteogrammi.php?idStazione=1510&modalita=day > 1510 </a>	4	MONZA v.Monte Generoso	1510	173	MB	0.0	5	0101000020787F00000000000018B01F41000000000D425341	1510	P	Pluviometrica	{"PP"}	{30533}	5048372	519174
<a target=_blank href=http://meteo.arpalombardia.it/mappe/Meteogrammi.php?idStazione=1511&modalita=day > 1511 </a>	4	RESCALDINA NA	1511	215	MI	0.0	5	0101000020787F0000000000001C4B1E41000000C01B445341	1511	P	Pluviometrica	{"PP"}	{30536}	5050479	496327
<a target=_blank href=http://meteo.arpalombardia.it/mappe/Meteogrammi.php?idStazione=1512&modalita=day > 1512 </a>	4	POGLIANO MILANESE NA	1512	160	MI	0.0	5	0101000020787F000000000000D88A1E4100000040443C5341	1512	P	Pluviometrica	{"PP"}	{30539}	5042449	500406
<a target=_blank href=http://meteo.arpalombardia.it/mappe/Meteogrammi.php?idStazione=1513&modalita=day > 1513 </a>	1	INTROBIO al bivio	1513	574	LC	0.0	10	0101000020787F0000000000001E53204100000080186B5341	1513	HPTV	Meteorologica	{"T","UR","PP","VV","DV"}	{19282,19283,19284,19289,19290}	5090402	534927
<a target=_blank href=http://meteo.arpalombardia.it/mappe/Meteogrammi.php?idStazione=1514&modalita=day > 1514 </a>	1	CARENNO centro sportivo	1514	633	LC	0.0	10	0101000020787F000000000000245D2041000000802A595341	1514	HPTV	Meteorologica	{"T","UR","PP","VV","DV"}	{19293,19294,19295,19300,19301}	5072042	536210
<a target=_blank href=http://meteo.arpalombardia.it/mappe/Meteogrammi.php?idStazione=1518&modalita=day > 1518 </a>	1	DUBINO La Piazza	1518	993	SO	0.0	10	0101000020787F0000000000008E56204100000040E7805341	1518	HPT	Meteorologica	{"T","UR","PP"}	{19307,19308,19309}	5112733	535367
<a target=_blank href=http://meteo.arpalombardia.it/mappe/Meteogrammi.php?idStazione=1545&modalita=day > 1545 </a>	4	SAN SIRO NA	1545	1285	CO	6.0	10	0101000020787F00000000000078A41F41000000407D765341	1545	HPRTV	Meteorologica	{"DV","VV","PP","T","UR","RG"}	{14716,14717,14724,14725,14728,17475}	5102069	518430
<a target=_blank href=http://meteo.arpalombardia.it/mappe/Meteogrammi.php?idStazione=1546&modalita=day > 1546 </a>	4	RHO Scalo Fiorenza - Prato	1546	143	MI	0.0	10	0101000020787F000000000000CCEF1E41000000C0573A5341	1546	HPT	Meteorologica	{"PP","T","UR"}	{14741,14742,14745}	5040479	506867
<a target=_blank href=http://meteo.arpalombardia.it/mappe/Meteogrammi.php?idStazione=1547&modalita=day > 1547 </a>	4	RHO Scalo Fiorenza - Tetto	1547	143	MI	8.0	10	0101000020787F0000000000004CF41E4100000040493A5341	1547	V	Anemometrica	{"DV","VV"}	{14750,14751}	5040421	507155
<a target=_blank href=http://meteo.arpalombardia.it/mappe/Meteogrammi.php?idStazione=1551&modalita=day > 1551 </a>	1	PREMANA v.Luciani papa	1551	910	LC	0.0	10	0101000020787F00000000000002402041000000C05E745341	1551	HPTV	Meteorologica	{"T","UR","PP","VV","DV"}	{19333,19334,19335,19338,19339}	5099899	532481
<a target=_blank href=http://meteo.arpalombardia.it/mappe/Meteogrammi.php?idStazione=1553&modalita=day > 1553 </a>	4	MOZZANICA v.Donizetti	1553	104	BG	0.0	10	0101000020787F000000000000FCE22041000000002C365341	1553	HPTV	Meteorologica	{"PP","T","UR","DV","VV"}	{14765,14766,14769,14774,14775}	5036208	553342
<a target=_blank href=http://meteo.arpalombardia.it/mappe/Meteogrammi.php?idStazione=1555&modalita=day > 1555 </a>	4	MANERBA DEL GARDA Dusano	1555	73	BS	0.0	10	0101000020787F000000000000B8FD224100000040503E5341	1555	R	Meteorologica	{"RG"}	{17528}	5044545	622300
<a target=_blank href=http://meteo.arpalombardia.it/mappe/Meteogrammi.php?idStazione=1556&modalita=day > 1556 </a>	1	PRATA CAMPORTACCIO Pratella	1556	1035	SO	0.0	10	0101000020787F000000000000563B2041000000807C8E5341	1556	HPT	Meteorologica	{"T","UR","PP"}	{19342,19343,19344}	5126642	531883
<a target=_blank href=http://meteo.arpalombardia.it/mappe/Meteogrammi.php?idStazione=1559&modalita=day > 1559 </a>	1	DERVIO v.S.Cecilia	1559	198	LC	0.0	10	0101000020787F00000000000088F51F41000000C02E765341	1559	HPTV	Meteorologica	{"T","UR","PP","VV","DV"}	{19363,19364,19365,19368,19369}	5101755	523618
<a target=_blank href=http://meteo.arpalombardia.it/mappe/Meteogrammi.php?idStazione=1560&modalita=day > 1560 </a>	1	PADENGHE SUL GARDA v.Fondrini	1560	187	BS	0.0	10	0101000020787F0000000000003AD92241000000C0773B5341	1560	HPTV	Meteorologica	{"T","UR","PP","VV","DV"}	{19345,19346,19347,19350,19351}	5041631	617629
<a target=_blank href=http://meteo.arpalombardia.it/mappe/Meteogrammi.php?idStazione=1604&modalita=day > 1604 </a>	2	FUIPIANO VALLE IMAGNA Pagafone	1604	1000	BG	0.0	10	0101000020787F0000000000006E802041000000C0E35E5341	1604	BHPTV	Meteorologica	{"PP","T","UR","DV","VV","PA"}	{31574,31575,31576,31579,31580,31581}	5077903	540727
<a target=_blank href=http://meteo.arpalombardia.it/mappe/Meteogrammi.php?idStazione=1650&modalita=day > 1650 </a>	1	BORMIO eliporto	1650	1172	SO	0.0	10	0101000020787F000000000000D475224100000040C5A05341	1650	BHPRTV	Meteorologica	{"T","UR","PP","VV","DV","RG","PA"}	{19388,19389,19390,19393,19394,19397,19400}	5145365	604906
<a target=_blank href=http://meteo.arpalombardia.it/mappe/Meteogrammi.php?idStazione=1651&modalita=day > 1651 </a>	1	MORBEGNO eliporto	1651	230	SO	0.0	10	0101000020787F000000000000DEA2204100000080A47D5341	1651	BHPRTV	Meteorologica	{"T","UR","PP","VV","DV","RG","PA"}	{19375,19376,19377,19380,19381,19384,19387}	5109394	545135
<a target=_blank href=http://meteo.arpalombardia.it/mappe/Meteogrammi.php?idStazione=1652&modalita=day > 1652 </a>	1	TIRANO eliporto	1652	481	SO	0.0	10	0101000020787F000000000000A40A2241000000C0FD865341	1652	BHPRTV	Meteorologica	{"T","UR","PP","VV","DV","RG","PA"}	{19401,19402,19403,19406,19407,19410,19413}	5118967	591186
<a target=_blank href=http://meteo.arpalombardia.it/mappe/Meteogrammi.php?idStazione=1656&modalita=day > 1656 </a>	1	CASALMAGGIORE campo sportivo	1656	26	CR	1.3	10	0101000020787F000000000000A0A9224100000000AF025341	1656	B	Meteorologica	{"PA"}	{19418}	4983484	611536
<a target=_blank href=http://meteo.arpalombardia.it/mappe/Meteogrammi.php?idStazione=1657&modalita=day > 1657 </a>	1	MARIANO COMENSE campo sportivo	1657	255	CO	1.3	10	0101000020787F000000000000CC5C1F41000000007B4C5341	1657	B	Meteorologica	{"PA"}	{19429}	5059052	513843
<a target=_blank href=http://meteo.arpalombardia.it/mappe/Meteogrammi.php?idStazione=1659&modalita=day > 1659 </a>	1	MORNICO AL SERIO campo sportivo	1659	162	BG	1.3	10	0101000020787F000000000000EE2A214100000080D1425341	1659	B	Meteorologica	{"PA"}	{19444}	5049158	562551
<a target=_blank href=http://meteo.arpalombardia.it/mappe/Meteogrammi.php?idStazione=1679&modalita=day > 1679 </a>	4	SORMANO rifugio Alpetto	1679	1158	CO	0.0	10	0101000020787F00000000000064A11F41000000C063645341	1679	HPRTV	Meteorologica	{"RG","T","UR","VV","DV","PP"}	{17473,32370,32373,32376,32379,32382}	5083535	518233
<a target=_blank href=http://meteo.arpalombardia.it/mappe/Meteogrammi.php?idStazione=1680&modalita=day > 1680 </a>	4	VILMINORE DI SCALVE Presolana	1680	1856	BG	0.0	10	0101000020787F0000000000008EB82141000000C0206D5341	1680	B	Meteorologica	{"PA"}	{32400}	5092483	580679
<a target=_blank href=http://meteo.arpalombardia.it/mappe/Meteogrammi.php?idStazione=1692&modalita=day > 1692 </a>	4	BIENNO Piazze	1692	472	BS	0.0	10	0101000020787F000000000000645022410000000095675341	1692	PT	Meteorologica	{"T","PP"}	{17443,17446}	5086804	600114
<a target=_blank href=http://meteo.arpalombardia.it/mappe/Meteogrammi.php?idStazione=1862&modalita=day > 1862 </a>	4	BRONI NA	1862	77	PV	0.0	10	0101000020787F000000000000F8971F410000000003075341	1862	HPRTV	Meteorologica	{"VV","DV","RG","T","UR","PP"}	{17418,17419,17429,17432,17435,17437}	4987916	517630
<a target=_blank href=http://meteo.arpalombardia.it/mappe/Meteogrammi.php?idStazione=1871&modalita=day > 1871 </a>	4	TAVERNOLA BERGAMASCA Gallinarga	1871	185	BG	0.0	10	0101000020787F00000000000078C32141000000403C4E5341	1871	HPTV	Meteorologica	{"PP","T","VV","DV","UR"}	{17450,17451,17454,17456,17472}	5060849	582076
<a target=_blank href=http://meteo.arpalombardia.it/mappe/Meteogrammi.php?idStazione=1872&modalita=day > 1872 </a>	4	LASNIGO s.Alessandro	1872	554	CO	0.0	10	0101000020787F00000000000030C11F41000000C047625341	1872	HPT	Meteorologica	{"PP","T","UR"}	{17459,17460,17463}	5081375	520268
<a target=_blank href=http://meteo.arpalombardia.it/mappe/Meteogrammi.php?idStazione=1874&modalita=day > 1874 </a>	4	MAGENTA cascina Mainaga	1874	137	MI	0.0	10	0101000020787F000000000000B4D21D4100000000DD335341	1874	W	Meteorologica	{"TPP","TPN"}	{17495,17496}	5033844	488621
<a target=_blank href=http://meteo.arpalombardia.it/mappe/Meteogrammi.php?idStazione=1877&modalita=day > 1877 </a>	4	ASOLA v.Industria	1877	38	MN	0.0	10	0101000020787F0000000000001C9B224100000080891B5341	1877	PT	Meteorologica	{"PP","T"}	{17551,17552}	5008934	609678
<a target=_blank href=http://meteo.arpalombardia.it/mappe/Meteogrammi.php?idStazione=1879&modalita=day > 1879 </a>	4	MONTICHIARI Boschetti	1879	92	BS	0.0	10	0101000020787F000000000000D4A2224100000080CE2E5341	1879	PRT	Meteorologica	{"PP","T","RG"}	{17561,17562,17565}	5028666	610666
<a target=_blank href=http://meteo.arpalombardia.it/mappe/Meteogrammi.php?idStazione=1880&modalita=day > 1880 </a>	4	LOMELLO Cantona	1880	84	PV	0.0	10	0101000020787F000000000000EC981D41000000C05B0F5341	1880	PT	Meteorologica	{"PP","T"}	{17572,17573}	4996463	484923
